question_id,response
1," In the context of J.K. Rowling's ""Harry Potter"" series, Harry's scar (located on his forehead) has significant emotional and thematic importance. The scar symbolizes several aspects:

1. Survival: The scar serves as a constant reminder that Harry narrowly escaped death during the infamous incident at Voldemort's birth, making him the only known person to have seen Voldemort's true form.

2. Connection: The scar also signifies the unique bond between Harry and Voldemort, given that a portion of Voldemort's soul was transferred into Harry during this event.

3. Identity: The scar is an integral part of Harry's identity as ""The Boy Who Lived,"" emphasizing his extraordinary status within the wizarding world.

4. Emotional Resonance: Throughout the series, the appearance or mention of the scar often serves to evoke strong emotions in both Harry and the reader, emphasizing the gravity of the situation and reinforcing the stakes of the story."
2," I'm sorry for any confusion, but it seems there's no specific context or event provided in your question. To answer ""when and how did this happen,"" we would need to know what particular incident or situation you are referring to. If you could provide more details or specify the context, I'd be happy to help further!"
3," The Triwizard Tournament is a magical competition that takes place among Hogwarts School of Witchcraft and Wizardry. In the book series ""Harry Potter"" by J.K. Rowling, it was held over a period of five days. Each school (Hogwart's, Durmstrang Institute, and Beauxbatons Academy) chooses one champion to represent them. The tournament includes three tasks that test the champions' magical skills, bravery, and resourcefulness.

In the fourth book ""Harry Potter and the Goblet of Fire"", it is revealed that Harry Potter's name was placed in the Goblet of Fire by a mysterious entity (later discovered to be Barty Crouch Jr.), making him an unintended fourth contestant. The tasks include:

1. First task: Dragon challenge
2. Second task: Retrieve the golden egg from a maze filled with traps and obstacles.
3. Third task: Rescue a hostage while defending against giant spiders.

The tournament ends tragically when Cedric Diggory, one of the Hogwarts champions, is killed during the third task by Voldemort, who had returned to the magical world with the intention of winning the tournament."
4," The Triwizard Tournament is a magical sporting event that takes place in the Harry Potter series. It involves representatives from three famous schools of magic - Hogwarts, Durmstrang Institute, and Beauxbatons Academy - competing in a series of tasks designed by the Goblet of Fire.

The tournament was held during the school year 1994-1995, but it was initially intended to be a single-school competition. However, due to some unusual circumstances, it ended up being an inter-school event. The champion of Hogwarts was Harry Potter, against his will as he had been underage and his name had been entered into the Goblet of Fire by a mysterious force (later revealed to be the Dark wizard, Barty Crouch Jr.).

The tasks were as follows:
1. The Dragons' Challenges: Contestants faced off against Hungarian Horntail dragons.
2. The Lake Task: Contestants had to retrieve a golden egg from the bottom of a deep lake, guarded by merpeople.
3. The Maze: The final task was to navigate a maze and retrieve the Triwizard Cup.

The tournament ended tragically with Cedric Diggory, Hogwarts' chosen champion, and Harry Potter both surviving the maze but Cedric being killed by Voldemort in disguise, who had manipulated the tournament to try to regain his body. The true champion was declared as Harry Potter because he completed all tasks and retrieved the Triwizard Cup first."
5," The reasoning is based on the events as described in J.K. Rowling's ""Harry Potter and the Philosopher's Stone."" Harry wasn't allowed to choose not to participate because Professor McGonagall discovered that his name was on the Goblet of Fire, which meant he was a contestant for the Triwizard Tournament without him knowing. The rules of the tournament required all three champions from each school to compete, and since Hogwarts didn't have any other candidates, Harry was forced to participate. Additionally, it was revealed that a powerful dark wizard named Voldemort had manipulated the Goblet of Fire into choosing Harry's name."
6," In the Harry Potter series by J.K. Rowling, Barty Crouch Jr., disguised as Mad-Eye Moody, played a significant role in manipulating the Triwizard Tournament from within to ensure that Cedric Diggory died during the third task.

1. He was sent by Voldemort and his Death Eaters to infiltrate the tournament as a judge, using Polyjuice Potion to assume Moody's appearance.
2. Barty Jr. helped Harry Potter reach the final task, providing him with important information about the tasks, but he also ensured that Cedric would win so that Voldemort could regain a part of his soul by possessing Cedric's dead body during the Resurrection Stone ritual.
3. Barty Jr.'s manipulation was discovered after Harry defeated him in the final duel, and Dumbledore exposed Moody as an imposter with the help of the Unforgivable Curses.

In summary, Barty Crouch Jr., disguised as Mad-Eye Moody, played a crucial role in manipulating the Triwizard Tournament from within by ensuring that Cedric Diggory would reach the final task and ultimately sacrifice himself for Voldemort's plan."
7,"1. The task of retrieving the Golden Apples from the Enchanted Forest tested the champions' courage as they had to face various enchantments and magical creatures that posed threats to them.

2. Solving the riddles presented by the Oracle in the Maze of Minos demanded a high degree of intelligence from the champions, as their success depended on their ability to understand and decipher the mysterious clues.

3. The quest for the Golden Fleece required the champions to be honest and moral, as they had to avoid taking shortcuts or breaking their vows, even when faced with difficult choices that could have led them to reach the fleece more quickly.

4. When the champions had to face the monstrous dragon in the Land of Draconia, their acts of bravery and ingenuity were put to the test as they searched for a way to defeat the beast without getting killed.

5. The journey through the dangerous Labyrinth of Crete showcased the champions' perseverance and resilience, as they had to navigate the complex maze and overcome its many traps to reach their destination.

In each task, the champions were required to exhibit different qualities, such as courage, intelligence, morality, and perseverance, that ultimately helped them complete their quests and become legendary heroes."
8," According to the Harry Potter series by J.K. Rowling, Cedric Diggory's death during the Triwizard Tournament had several significant consequences for the wizarding world:

1. Deep grief and sorrow among Hogwarts students, staff, and the broader wizarding community, as they mourned a popular and talented young wizard who was a beloved figure at Hogwarts.

2. Increased suspicion and tension between the three schools participating in the tournament (Hogwarts, Durmstrang, and Beauxbatons) due to rumors and misinformation about the circumstances surrounding Cedric's death. The event served as a reminder of the darker side of magic that some within the wizarding world preferred to ignore or forget.

3. Albus Dumbledore's decision to return the Triwizard Cup to Gringotts Bank, acknowledging that it was not meant for a school but instead was tainted by dark magic and should remain hidden from the wizarding community.

4. The revelation of the identity of Voldemort as the true mastermind behind Cedric's death, marking a significant turning point in the battle between good and evil in the wizarding world. This information led to renewed efforts by Dumbledore and others to expose and defeat Voldemort once and for all.

5. The impact on Harry Potter, as he struggled with feelings of guilt over Cedric's death due to his unwitting involvement in the events that led to it. This experience helped shape Harry's character and played a crucial role in his future actions during the war against Voldemort."
9," In J.K. Rowling's Harry Potter series, Cedric Diggory's death at the end of the Triwizard Tournament had significant consequences for the wizarding world:

1. **Grief and mourning**: Cedric's death touched everyone in the Hogwarts community deeply, especially his friends, Harry Potter and Hermione Granger. The entire school mourned the loss of a beloved student, which led to a somber atmosphere at Hogwarts for quite some time.

2. **Heightened tension between schools**: The tragedy caused increased tension between Durmstrang Institute (where Cedric was from) and Beauxbatons Academy of Magic, as they both felt responsible for the safety of their students during the tournament. This added to the existing animosity between the three schools that had arisen due to the competition.

3. **Questions about Voldemort's return**: Cedric's death was also used by Lord Voldemort (Tom Riddle) as a means to further his propaganda and create fear, claiming that Harry Potter was responsible for Cedric's death. This contributed to the growing awareness among the wizarding community that Voldemort had returned.

4. **Increased support for Dumbledore**: After Cedric's death, many in the wizarding world began to see Albus Dumbledore as a heroic figure who was working tirelessly to combat the rising threat of Lord Voldemort. This led to increased respect and support for Dumbledore and Hogwarts.

5. **Impact on Harry Potter**: The death of Cedric Diggory deeply affected Harry, as he shared the Triwizard Cup with Cedric just moments before his death. This event played a significant role in Harry's emotional state and personal growth throughout the rest of the series."
10," In J.K. Rowling's ""Harry Potter and the Goblet of Fire,"" the consequences of Cedric Diggory's death for the wizarding world were significant:

1. Shock and Sorrow: The immediate impact was widespread shock, sadness, and mourning among the students at Hogwarts and throughout the wizarding community.

2. Breakdown of Trust in Voldemort: Cedric's death helped to expose Voldemort's true nature to the world, leading many to question his intentions and motives. This was a turning point in building distrust towards him.

3. Increased Fear of Voldemort: The incident served as a reminder of the power and danger that Voldemort represented, causing fear and apprehension among those who had previously supported or been indifferent to his cause.

4. Uniting Opposition Against Voldemort: Cedric's death brought together various groups within the wizarding world, including Dumbledore's Army, the Order of the Phoenix, and other individuals, in their shared opposition to Voldemort.

5. A Catalyst for Change: Cedric's death marked a significant turning point in the narrative, driving Harry, Hermione, and Ron on their quest to defeat Voldemort in the subsequent books.

6. Reflection on Life and Death: For many characters within the series, including Harry himself, Cedric's death served as a stark reminder of the fragility of life and the importance of cherishing every moment."
1," In the popular novel series ""Harry Potter"" by J.K. Rowling, Harry's scar (known as the Lightning-shaped scar on his forehead) is a significant symbolism. The scar was given to Harry when he was an infant and survived Voldemort's killing curse, which rebounded off him due to a mysterious power known as ""the boy who lived."" The scar serves as a constant reminder of the encounter with Voldemort, the dark wizard who seeks to kill Harry throughout the series. Additionally, the scar is also a connection between Harry and Voldemort, as the Dark Lord's curse left its mark on Harry. As the story unfolds, the appearance of the scar changes in response to certain events, such as when Voldemort regains his physical body or when Harry uses the Resurrection Stone to communicate with his dead relatives. Overall, Harry's scar signifies the deep bond between the two wizards, the struggle against darkness, and the survival of a powerful prophecy."
2, Hello! How can I help you today?
3," Based on the given context, it is not possible to determine what to study as there is no provided information about the subject matter or course of study."
1," In J.K. Rowling's Harry Potter series, Harry's scar (also known as the Lightning-shaped Scar or The Scar) is significant for several reasons. It is a visible mark that represents the bond between Harry and Voldemort, the main antagonist of the series. This scar was given to Harry when he was a baby and Voldemort tried to kill him, but only succeeded in killing Harry's parents instead. The scar pulses when Voldemort is near or casting a spell, demonstrating that the two are magically connected. Additionally, the scar holds a prophecy about the future of both characters: ""The one with the power to vanquish the Dark Lord approaches... born to those who have thrice defied him, bearing the only known instrument of his downfall, a mark so that he will come to fear him."" The scar serves as a symbol of Harry's destiny and the central conflict in the series."
2," In the Harry Potter series by J.K. Rowling, Harry's scar (the lightning-shaped scar above his forehead) has significant symbolism and emotional value. It was given to him by Voldemort when he attacked Harry as an infant, marking him as the only known survivor of a successful curse from Voldemort. The scar pulsates when Voldemort is near or casting a spell on Harry, serving as a physical manifestation of their complex relationship and the connection between them, as they share a common horcrux. Moreover, it serves as a constant reminder to Harry of his past, his destiny, and the ongoing battle against evil represented by Voldemort."
1," In the context of J.K. Rowling's Harry Potter series, Harry's scar (often referred to as the Lightning-Shape Scar or simply ""the scar"") is significant because it is a physical reminder of a confrontation with Voldemort, who used an Avada Kedavra curse to kill Harry's parents. The spell rebounded and left Harry alive, but with a deep scar on his forehead in the shape of the killing curse's mark. This scar is a symbol of Harry's survival, his special connection to Voldemort, and his destiny as the chosen one who ultimately defeats Voldemort.",0.8571275211198981,1
2," In the Harry Potter series by J.K. Rowling, Harry's scar (a lightning-shaped scar on his forehead) is significant because it is a visible reminder of the event that took his parents' lives â€“ Voldemort's curse killed them and left the scar on baby Harry. The presence of this scar suggests that a part of Voldemort still exists within Harry, which is later explained through the concept of Horcruxes. This connection with Voldemort also makes Harry a target for him throughout the series. Additionally, the scar pulsates when Voldemort is near or active, serving as a warning to Harry and others about his presence.",0.830338778217366,1
3," In the Triwizard Tournament, which is a magical sports competition among three schools (Hogwarts, Durmstrang, and Beauxbatons) in J.K. Rowling's Harry Potter series, the fourth-year students compete in a series of tasks that are announced by the Goblet of Fire. The tasks take place over the course of a year and require a great deal of skill, courage, and magical prowess to complete.

In the first task, the competitors had to retrieve a golden egg guarded by dragon or other dangerous creatures. In the second task, they had to find their way out of a maze while avoiding a large, monstrous spider-like creature called the Hungarian Horntail. The third and final task was for each competitor to retrieve a small golden cup located at the bottom of a vast lake filled with dangerous sea creatures and other hazards.

In the end, Harry Potter, who had unintentionally entered the tournament due to a technicality, won the Triwizard Tournament by retrieving all three tasks' rewards. The champion from each school returned home with a prize: a year of education at their respective schools. However, it is important to note that Cedric Diggory, one of the Hogwarts representatives, tragically lost his life in the third task during a duel with Harry Potter, who was unaware that Voldemort had manipulated the tournament's outcome. This tragic event marked the beginning of a dark turn in the Harry Potter series.",0.5869752912313515,1
1," In the provided context, there is no discernible information or text from which a meaningful response can be derived. Therefore, I cannot answer the question ""asdfghjkl"" using the given context. It seems that you may have accidentally entered the question without providing the necessary context for me to understand and respond appropriately.",0.5727837245767378,0.688
2," In the Harry Potter series by J.K. Rowling, Professor Binns is a character who teaches the History of Magic class at Hogwarts School of Witchcraft and Wizardry. He is known for his long, grey robes and long, flowing white hair. Unlike most teachers at Hogwarts, Professor Binns does not have a physical form during lessons; instead, he floats around the room as a pile of parchment, bound with a silver ribbon. This unique teaching style is due to his death by Avada Kedavra (the unforgivable curse) decades ago. Despite being incapable of moving or speaking on his own, he still manages to teach History of Magic effectively by reading from an ancient book, The Tales of Beedle the Bard. His lessons are considered very dull and tedious due to their repetitive nature, which is further exacerbated by his habit of recounting historical events in excruciating detail. However, the students realize that these lessons are essential as they cover vital information for later classes and O.W.L. exams.",0.5976570480595954,1
3," Personality: Ron Weasley is portrayed as energetic, adventurous, loyal, and somewhat impulsive. He often acts before thinking, which sometimes lands him in trouble but also leads to exciting and unpredictable situations.

Plot: In the Harry Potter series, Ron plays a significant role as one of the three main characters alongside Harry Potter and Hermione Granger. The events that unfold for Ron involve his life at Hogwarts School of Witchcraft and Wizardry, where he learns magic, faces challenges, and fights against the Dark Lord Voldemort.

Magic: As a wizard, Ron has various magical abilities. He can perform spells like Accio (summoning an object), Lumos (creating light), and Wingardium Leviosa (making objects levitate). He also uses potions, charms, and transfiguration in his magical studies. Throughout the series, Ron's magical skills grow and improve, allowing him to play a crucial part in many of the battles against Voldemort and his followers. Additionally, Ron plays Quidditch as a Seeker for Gryffindor House, using brooms and various spells to catch the Golden Snitch.",0.6125455499481998,1
4," Harry Potter is a fictional character and the protagonist of the popular book series ""Harry Potter"" by J.K. Rowling. The series consists of seven fantasy novels that chronicle the life of young Harry Potter, an orphan who learns on his eleventh birthday that he is a wizard and is invited to attend Hogwarts School of Witchcraft and Wizardry.

The story takes place in a magical world that coexists with our Muggle (non-magical) world, which most people are unaware of. The books cover Harry's journey through Hogwarts, his friendships, rivalries, and the battle against the dark wizard Lord Voldemort.

The story is rich in detail about magical spells, potions, creatures, and locations, such as Diagon Alley (a shopping street for magical goods), Hogsmeade (a small village near Hogwarts where students are allowed to visit), and the Forbidden Forest (a dangerous area adjacent to Hogwarts).

The series also delves into themes of friendship, love, loss, bravery, and the struggle between good and evil. It has become a cultural phenomenon, with millions of books sold worldwide, multiple movie adaptations, merchandise, video games, and even a play.

Harry Potter is played by Daniel Radcliffe in the film series. Other notable characters include Hermione Granger (Emma Watson), Ron Weasley (Rupert Grint), Albus Dumbledore (Richard Harris and Michael Gambon), Severus Snape (Alan Rickman), and Lord Voldemort (Ralph Fiennes).

The final book, Harry Potter and the Deathly Hallows, was published in 2007, bringing the series to a close. Since then, fans have continued to enjoy the world of Harry Potter through various spin-off books, such as ""Fantastic Beasts and Where to Find Them,"" which is set in the same universe but focuses on different characters and events.",0.6159953987443072,1
5," Based on the Harry Potter series context, it's not specified which book is referred to as ""Book 1"" without additional information. However, the first book in the series is titled ""Harry Potter and the Philosopher's Stone."" In this book, the House Cup isn't awarded at the end of the school year but rather in Book 2 (""Harry Potter and the Chamber of Secrets""). It is Ravenclaw who wins the House Cup at the end of the first book due to Gilderoy Lockhart inflating the house points total.",0.6780917802214516,0.976
6," Yes, in the Harry Potter series, Hermione Granger's pet is indeed an owl named Trevor. This information is found in the first book of the series, ""Harry Potter and the Philosopher's Stone."" In this story, Ron Weasley initially refers to Hermione's owl as 'the little snowy one', but later on, it is clarified that the owl's name is Trevor.",0.858164979464434,0.68
7," The given C code defines the entry point (main function) of a simple program that outputs the string ""gahihibub"" to the console and then returns an integer value 0. This is a common convention for programs that do not encounter any errors, as returning 0 indicates successful execution. However, the actual meaning or purpose of the string ""gahihibub"" is not provided in the code and depends on the specific context or intent of the programmer who wrote it.",0.7579782173260519,0.916
8," Harry Potter is a series of seven fantasy novels written by British author J.K. Rowling. The books follow the life of Harry Potter, an orphaned boy who learns on his eleventh birthday that he is a wizard and is invited to attend Hogwarts School of Witchcraft and Wizardry.

1. Characters: The main characters in the series include Harry Potter, a young wizard with magical powers who lives with his unmagical (Muggle) aunt, uncle, and cousin; Hermione Granger, a clever and resourceful witch who becomes one of Harry's best friends at Hogwarts; and Ron Weasley, a kind-hearted but mischievous wizard who is also a member of the Gryffindor House. Other important characters include Albus Dumbledore, the headmaster of Hogwarts School of Witchcraft and Wizardry; Severus Snape, a professor at Hogwarts who becomes an influential figure in Harry's life; and Voldemort, a powerful dark wizard who seeks to conquer the wizarding world.
2. Setting: The books take place primarily in the magical world of witches and wizards, which coexists alongside the Muggle (non-magical) world. Hogwarts School of Witchcraft and Wizardry is a central location in the series, as are the Ministry of Magic, Diagon Alley (a shopping district for magical items), and various other magical locations.
3. Plot: The plot of the Harry Potter series follows Harry's journey through Hogwarts and his battles against Voldemort. The first book introduces Harry, Hermione, and Ron as they navigate their first year at Hogwarts while uncovering clues about a mysterious artifact known as the Philosopher's Stone. The following books follow Harry as he confronts various challenges, including battling trolls, facing off against dangerous magical creatures, and uncovering dark secrets about Voldemort and his past.
4. Themes: The Harry Potter series explores a number of themes, including the struggle between good and evil, the importance of friendship, the impact of fate and destiny on one's life, and the difficulties of growing up and coming to terms with one's identity.
5. Cultural Impact: The Harry Potter books have had a profound cultural impact, with millions of copies sold worldwide and numerous adaptations, including movies, video games, and stage plays. The series has also inspired a wide range of merchandise and fan art, as well as sparking a renewed interest in reading among young people.
6. Magic System: The magical system in the Harry Potter series is based on a blend of real-world folklore, mythology, and science. Magical spells are cast by speaking incantations, and wizards and witches use wandless magic for more advanced spells. There are also various magical creatures, potions, and objects that appear throughout the series.
7. Final Thoughts: The Harry Potter series is a beloved and enduring work of fantasy fiction that has captured the imaginations of readers around the world. With its richly detailed world, memorable characters, and complex themes, it continues to be a favorite among fans of all ages.",0.6556794491163296,1
1," In the Harry Potter series by J.K. Rowling, Harry's scar, also known as the Lightning-shaped scar or the Lightning-scar, holds significant symbolic value. The scar appears on Harry's forehead and was given to him by Voldemort when he tried to kill Harry as a baby.

   Throughout the series, the scar acts as a physical reminder of the powerful bond between Harry and Voldemort, as well as their shared past. When Voldemort returns and tries to possess others, he experiences pain whenever he is near Harry due to this connection. This phenomenon is often represented by Harry's scar hurting or pulsing when Voldemort is active.

   Additionally, the prophecy about ""the one with the power to vanquish the Dark Lord"" refers to someone who bears a mark similar to the Dark Mark, which Voldemort uses, and the scar on Harry's forehead. This further emphasizes Harry's destiny and role in the battle against darkness.",0.7747286746248923,1,0.22527132537510774
2,I'm not confident in this answer. Let's try rephrasing or asking something else.,0.4461652496839424,1,0.5538347503160577
1,I'm not confident in this answer. Let's try rephrasing or asking something else.,0.8067159399561818,1,0.19328406004381815
2,I'm not confident in this answer. Let's try rephrasing or asking something else.,0.816739031081009,0.938,0.18326096891899102
3," Harry Potter is a popular series of fantasy novels written by J.K. Rowling. The main character, Harry Potter, is a young wizard who lives in the Muggle (non-magical) world with his aunt, uncle, and cousin, who mistreat him. On his eleventh birthday, he receives a letter of acceptance to Hogwarts School of Witchcraft and Wizardry.

At Hogwarts, Harry meets his two best friends: Hermione Granger, a brilliant student, and Ron Weasley, from a large wizarding family. Together, they navigate the school year, facing challenges such as defending themselves against trolls, playing Quidditch (a popular wizarding sport), and dealing with teachers like Snape, who seems to have it out for Harry.

The story unfolds over seven books, with each year at Hogwarts bringing new adventures. In the first book, Harry learns about his magical heritage and discovers that he is a famous wizard whose parents were killed by the dark wizard Voldemort.

As the series progresses, Harry learns more about his destiny as the one who can defeat Voldemort. He faces numerous trials, including battling giants, dealing with betrayal from within his circle of friends, and confronting the Dark Arts.

Throughout the story, Harry learns about love, friendship, bravery, and the importance of standing up for what is right, even in the face of adversity. The series culminates in a final battle between Harry and Voldemort, during which Harry makes the ultimate sacrifice to defeat his enemy.

In the end, Harry becomes the Headmaster of Hogwarts School of Witchcraft and Wizardry, ensuring the protection of the magical world for future generations. The series concludes with a glimpse into the lives of the characters as they move forward, having been forever changed by their experiences at Hogwarts.",0.6205650108906786,1,0.3794349891093214
4,I'm not confident in this answer. Let's try rephrasing or asking something else.,0.7620747551437528,0.666,0.23792524485624722
1," Harry Potter is a fictional character in J.K. Rowling's series of seven fantasy novels, also known as the Harry Potter series. He is a young wizard who discovers that he has magical powers on his eleventh birthday and is subsequently admitted to Hogwarts School of Witchcraft and Wizardry. Harry is an orphan, having lost his parents at a very young age, and was raised by his uncle, Vernon Dursley. He becomes famous as the boy who lived due to surviving the killing curse inflicted upon him by the dark wizard Lord Voldemort.",0.7430645219683503,1,0.25693547803164973
1," The Triwizard Tournament is a magical tournament that occurs in the Harry Potter series by J.K. Rowling. It takes place among three schools of magic, Hogwarts, Durmstrang Institute, and Beauxbatons Academy, with one champion from each school participating. In this competition, the champions face multiple tasks, which often involve magical skills and wit, over several months. The tournament is infamous for being extremely dangerous and only occurs every hundred years, according to the rules established by the founders of the schools.",0.555546109137888,1,0.44445389086211196
2," In the provided context, there is no character named Ron. The information given does not allow me to identify a person named Ron.",0.7298770212248347,0.26,0.27012297877516533
3," Ron Weasley is a fictional character from J.K. Rowling's Harry Potter series. He is one of the main characters, best friends with Harry Potter, and the elder son of Molly and Arthur Weasley. Ron is portrayed as being adventurous, mischievous, and somewhat clumsy. He attends Hogwarts School of Witchcraft and Wizardry and is a member of Gryffindor House.",0.6743820330347798,0.71,0.32561796696522016
4," In the provided context, there's no character named Ron. The information given seems unrelated to a person named Ron.",0.7212385931479885,0.236,0.27876140685201145
